key	client_id	fname	lname	country_code	country_name	city	address
1	2644	Randall	Davis	ET	Ethiopia	Duncanstad	"3413 Gregg Mission
New Jonathonmouth, MP 48193"
2	2466	Sergio	Logan	BS	Bahamas	East Andrestad	"558 Michael Mall
Greenhaven, UT 79088"
3	3236	Christopher	Smith	SB	Solomon Islands	Shannonhaven	"533 Webb Dam Apt. 242
Dunnmouth, PW 67680"
4	3953	Krista	Johnson	SB	Solomon Islands	South Larryside	"391 Williams Mountains Suite 138
Port Michael, WI 57242"
5	7812	Richard	Walker	CG	Congo	Ronaldchester	"22118 Patrick Locks
East Terry, GU 06989"
6	9779	Rebecca	Johnson	ET	Ethiopia	West Theodore	"PSC 7495, Box 9551
APO AA 39595"
7	3323	Nicole	Murphy	SB	Solomon Islands	East Danielview	"97685 Petersen Union Suite 549
North Haleymouth, FL 05018"
8	4622	Jacob	Moody	CG	Congo	South Monicaborough	"258 Nelson Port Suite 154
East Patrick, LA 50904"
9	5947	Jeremiah	Davis	CA	Canada	Hugheschester	"4048 Amy Light
Matthewshire, PW 65628"
10	2034	Sharon	Morrison	DO	Dominican Republic	Lake Monica	"Unit 7325 Box 5616
DPO AE 05962"
11	2176	Kenneth	Mcdonald	IQ	Iraq	Rachelland	"PSC 7786, Box 1077
APO AE 69644"
12	2947	Jason	Stevens	IQ	Iraq	New Davidport	"63002 Fox Meadows
East Kristen, NJ 46544"
13	8312	Tracy	Arnold	CG	Congo	Alexanderhaven	"3364 Thomas Corner Suite 577
South Cynthia, IL 21999"
14	2040	Melissa	Park	IQ	Iraq	Petertown	"1566 Robin Square
South Aaronbury, LA 35903"
15	446	Ashley	Meadows	SM	San Marino	Jonathanshire	"9452 Hartman Centers
Port Roberthaven, VA 67663"
16	8268	Erica	Bowman	DO	Dominican Republic	Mcclainfurt	"4604 Sarah Burg
Port Thomasstad, PR 64099"
17	5991	Steven	Reid	CG	Congo	East Melissa	"71892 Adam Corners Suite 495
West Daniel, MA 52482"
18	8770	Julie	Weiss	IQ	Iraq	Lake Angela	"08478 Lewis Hollow Apt. 116
Moniquemouth, VT 57045"
19	9611	Mitchell	Murray	ET	Ethiopia	Jeffreybury	"23645 Adam Island Apt. 367
Nicholasport, WV 15854"
20	2310	Barbara	Coleman	BS	Bahamas	Lake William	"912 Gibson Hills Apt. 379
Adamtown, AL 61732"
21	675	Carol	Ayers	CA	Canada	Veronicashire	"220 Ryan Creek
North Jennifer, ND 56410"
22	8108	David	Espinoza	ET	Ethiopia	South Anthonymouth	"376 Smith Turnpike
North Barryberg, FL 45132"
23	6412	Jamie	Rhodes	SB	Solomon Islands	South Matthewmouth	"80056 Owens Bridge Apt. 105
Toddtown, SC 39764"
24	13	Eric	Campbell	SB	Solomon Islands	Michaelshire	"089 Harris Isle Apt. 271
Kimberlyberg, GA 93892"
25	1868	Roger	Lopez	SM	San Marino	South Justin	"Unit 9296 Box 8536
DPO AP 65504"
26	8684	Darrell	Vincent	ET	Ethiopia	New Jason	"20571 Charles Fork
East Christopher, NM 03311"
27	9026	Jesse	Lang	CO	Colombia	Shawfort	"002 Kelly Mountains Apt. 289
Jefferychester, NE 40524"
28	1529	Dawn	Moore	CA	Canada	North Kristin	"16076 Adams Row Suite 846
Martinborough, AS 43481"
29	3862	Allison	Watkins	CG	Congo	East Scottland	"86714 Robert Hills Apt. 257
West Joseph, MD 26828"
30	5952	Steven	Robinson	IQ	Iraq	Pedromouth	"PSC 9588, Box 8918
APO AA 14179"
31	2075	Lauren	Perez	SB	Solomon Islands	Davidville	"115 Jones Mountain Apt. 655
Courtneyville, ND 17810"
32	4423	Kayla	Grimes	CG	Congo	West Stephaniehaven	"07658 Ramos Ford
Johnsonport, MD 81089"
33	528	David	Brooks	CG	Congo	New Maurice	"Unit 1752 Box 3489
DPO AA 45923"
34	9003	Austin	Payne	DO	Dominican Republic	Larafort	"9844 Evans Springs
Salinasbury, AS 93433"
35	5384	Marie	Willis	CA	Canada	Reginafort	"1080 Robert Square Apt. 506
New Antonioport, IA 76721"
36	9266	Christine	Anderson	BS	Bahamas	Tracyport	"60298 Reyes Estate Suite 993
Lake Adam, PW 48733"
37	6431	Dana	Kennedy	LR	Liberia	Linburgh	"8034 Darrell Orchard
New Scottland, WV 51853"
38	9234	Eric	Martinez	CO	Colombia	East Christopherberg	"669 Laura Shore
New Michaelborough, NV 69536"
39	3070	Margaret	Gray	SM	San Marino	North Stephanieland	"3391 Elliott Via
South Chad, ID 76848"
40	6847	William	Wade	CO	Colombia	Aaronmouth	"Unit 0005 Box 9390
DPO AA 47981"
41	2022	Courtney	Garcia	SB	Solomon Islands	Hebertland	"PSC 3970, Box 1051
APO AA 61461"
42	7716	Christopher	Smith	BS	Bahamas	East Krista	"USS Yu
FPO AP 62715"
43	4328	Brandon	Delgado	CA	Canada	New Maryfurt	"88077 Tammy Lock
East Dawnbury, NH 57461"
44	7651	Megan	Morgan	IQ	Iraq	Wangview	"39969 Turner Hollow Suite 276
New Tylerborough, AK 40153"
45	2570	Matthew	Perez	ET	Ethiopia	East Nicolehaven	"2551 Morgan Square
North Emily, WY 25717"
46	1213	Cynthia	Diaz	DO	Dominican Republic	Michaelville	"440 Thomas Divide Apt. 823
North Nicholasport, KS 01615"
47	2532	Kimberly	Adams	BS	Bahamas	Sawyerton	"49421 Cruz Pass Suite 784
Markborough, DC 64003"
48	7136	Robert	Johnson	SB	Solomon Islands	Lake Teresastad	"36473 Adrian Ranch
North Dwaynechester, NE 37848"
49	5704	Jason	Owen	CG	Congo	Knappfurt	"6067 Tammy Extension Suite 213
New Emily, WI 97859"
50	4388	Barbara	Brown	DO	Dominican Republic	Millerchester	"819 Williams Streets Apt. 299
North Timothyhaven, MH 22011"
51	1739	Matthew	Harmon	VC	Saint Vincent and the Grenadines	South Andrew	"49533 Brandon Lodge
Karaborough, MO 81384"
52	9734	Christopher	Trujillo	IQ	Iraq	Wrighthaven	"61014 Nicole Manor Apt. 018
Jessicaberg, OH 17036"
53	7295	Brenda	Reed	SB	Solomon Islands	Wilsonshire	"7533 Owens Burgs Apt. 903
East Edwin, DC 70595"
54	5035	Tasha	Davis	CA	Canada	Kevinshire	"381 Pena Canyon
Port Larryside, WI 92565"
55	4375	Matthew	Carpenter	SB	Solomon Islands	Lake Mia	"4545 Gutierrez View Apt. 485
South Ralphland, MP 76980"
56	1407	Manuel	Lopez	SM	San Marino	Stanleyfurt	"17426 Diaz Port
East Christopherstad, CO 24020"
57	3207	Timothy	Travis	VC	Saint Vincent and the Grenadines	East Juanville	"6933 Kim Drives Suite 517
South Timothy, IL 45438"
58	8128	Brandon	Mathews	CG	Congo	North Susan	"745 Calvin Lodge Suite 847
West Samuel, NJ 99492"
59	6660	Matthew	Jacobs	DO	Dominican Republic	East Hectorside	"02955 Kenneth Village
Davidshire, NY 76865"
60	1385	Jeffrey	Goodwin	ET	Ethiopia	Murrayfurt	"3106 Jones Fields Apt. 127
Millermouth, DC 29348"
61	6602	Robert	Sutton	SM	San Marino	New Julie	"99305 Matthew Gardens
Dickersonhaven, VT 40428"
62	478	Jessica	Roberts	IQ	Iraq	Mcclainport	"1087 Daniel Terrace Suite 658
Bryanberg, PW 59864"
63	1266	Brenda	Reed	CO	Colombia	Emilyfurt	"417 Cheryl Square
Armstrongchester, IN 95707"
64	6460	Alexa	Jensen	SM	San Marino	Lake Mark	"736 Smith Spur Apt. 486
Port Phillip, RI 17437"
65	7403	Denise	Osborne	CA	Canada	West Dustin	"60985 Andrade Divide
East Danielleshire, ID 16926"
66	2867	Joseph	Stevenson	VC	Saint Vincent and the Grenadines	Valeriemouth	"303 Gutierrez Plaza
South Tracyhaven, NY 26117"
67	6647	Heather	Washington	LR	Liberia	Williamport	"PSC 5059, Box 4454
APO AP 59431"
68	2681	Tammy	Parker	SB	Solomon Islands	East Brianside	"PSC 4525, Box 3456
APO AE 41589"
69	6612	Jared	Johnson	SM	San Marino	West Jackiemouth	"237 Thompson Well
Montesmouth, IL 37868"
70	4959	Timothy	Obrien	SB	Solomon Islands	Port Thomas	"543 Stephanie Skyway Apt. 158
Franciscomouth, WV 81516"
71	3636	William	Martinez	CG	Congo	Kevinmouth	"95413 Pham Mountain
New Daniel, SD 09336"
72	7729	Heather	Lopez	BS	Bahamas	West Dylan	"2769 Jeremiah Course
Guerreroton, MD 99378"
73	564	Alexander	Ortiz	SB	Solomon Islands	Collinsbury	"672 Allen Bypass
Smithmouth, ID 46972"
74	4090	Ronald	Hernandez	SB	Solomon Islands	Sanchezview	"64601 David Crescent
Port Cassandra, WA 20248"
75	3299	Richard	West	LR	Liberia	West Derek	"6305 Erickson Hill
Curryfurt, WV 87155"
76	619	Eric	Rivera	IQ	Iraq	Carolynton	"571 David Locks Apt. 619
East Kelsey, TX 23230"
77	1914	Jason	Woods	VC	Saint Vincent and the Grenadines	New Chelseaton	"5442 Olson Fall
Waremouth, OR 09730"
78	9699	Kevin	Haley	BS	Bahamas	West Sharonmouth	"Unit 3737 Box 1596
DPO AE 73608"
79	6130	Gerald	Adkins	BS	Bahamas	West Edwardland	"PSC 6085, Box 7933
APO AE 26028"
80	237	Donna	Davis	CO	Colombia	North Daniel	"2160 Misty Islands Suite 091
Traciport, CT 30964"
81	7630	Dana	Nichols	ET	Ethiopia	Melissabury	"7274 Camacho Ridges Apt. 163
Lake Dylanview, MT 83607"
82	3390	Jeffrey	Martinez	ET	Ethiopia	New Robert	"260 Mark Estates Suite 626
Turnerland, MH 97290"
83	2416	John	Farmer	IQ	Iraq	New Eddie	"6974 Graves Drives Apt. 761
Olsonfort, IA 56865"
84	1493	Jessica	Howard	SB	Solomon Islands	Leeton	"50487 Keith Bypass
Billyberg, HI 52234"
85	7542	Jason	Fletcher	CG	Congo	Lake Jeffreymouth	"3912 Teresa Circle Apt. 163
West Samanthatown, NJ 58971"
86	8289	Laura	Ellis	CO	Colombia	New Leslieview	"5689 Hardy Harbors Apt. 789
East Jesustown, WA 64053"
87	9683	Angela	Reed	ET	Ethiopia	Kristophermouth	"7408 Allen Ramp
Davidmouth, NH 29298"
88	5100	Jessica	Aguilar	CA	Canada	West Jeffreybury	"Unit 4237 Box 1064
DPO AE 16972"
89	1704	Nicole	Macias	IQ	Iraq	South Samantha	"773 Lane Pine
Courtneyfurt, RI 53159"
90	5343	Lindsey	Avila	BS	Bahamas	Allisonbury	"43309 Amanda Curve Apt. 134
West Carl, OH 42855"
91	4419	Haley	Turner	LR	Liberia	Adamsborough	"5638 Sean Trail
Rosebury, UT 57506"
92	1118	Melissa	Johnson	CA	Canada	North Jessica	"26033 Delacruz Extensions
Lake Johnfort, GA 78393"
93	369	Kyle	Carrillo	CO	Colombia	Brandifort	"3818 Leslie Run
West Timothy, SD 76294"
94	1481	Daniel	Davis	CO	Colombia	Brooksshire	"01221 Kaitlin Run Suite 979
Kathrynberg, NE 66270"
95	8020	Brandon	Serrano	CO	Colombia	Port Jennifer	"513 Yvonne Fork Suite 864
Lake Brady, WI 71986"
96	6024	Robert	Brown	IQ	Iraq	Rodriguezside	"5399 Snyder Extensions
Lake Kristenside, TN 47203"
97	401	Samantha	Hubbard	VC	Saint Vincent and the Grenadines	North Oscar	"862 Mary Ports Suite 839
Stephenburgh, CT 65457"
98	1492	Michelle	Bass	DO	Dominican Republic	Port Jonathon	"832 Tony Oval Suite 813
West Denise, ID 37430"
99	8865	John	Wilson	SB	Solomon Islands	Port Christopher	"87892 Julia Street Apt. 789
Duncanport, CA 69982"
100	2481	Jennifer	Ingram	CG	Congo	West Matthew	"748 Jennifer Hills
West Richardfort, VA 57658"
